[{"name":"abstract class User(val id: Int, login: String, email: String, registerDate: String, hashedPassword: String)","description":"com.example.lab40.User","location":"app/com.example.lab40/-user/index.html","searchKeys":["User","abstract class User(val id: Int, login: String, email: String, registerDate: String, hashedPassword: String)","com.example.lab40.User"]},{"name":"abstract fun addRev(review: String, star: Int)","description":"com.example.lab40.Reviews.addRev","location":"app/com.example.lab40/-reviews/add-rev.html","searchKeys":["addRev","abstract fun addRev(review: String, star: Int)","com.example.lab40.Reviews.addRev"]},{"name":"abstract fun getRawData(): String","description":"com.example.lab40.User.getRawData","location":"app/com.example.lab40/-user/get-raw-data.html","searchKeys":["getRawData","abstract fun getRawData(): String","com.example.lab40.User.getRawData"]},{"name":"abstract fun loginUser(password: String): String","description":"com.example.lab40.Loginable.loginUser","location":"app/com.example.lab40/-loginable/login-user.html","searchKeys":["loginUser","abstract fun loginUser(password: String): String","com.example.lab40.Loginable.loginUser"]},{"name":"abstract fun registerUser(): String","description":"com.example.lab40.Registerable.registerUser","location":"app/com.example.lab40/-registerable/register-user.html","searchKeys":["registerUser","abstract fun registerUser(): String","com.example.lab40.Registerable.registerUser"]},{"name":"abstract fun userType(): String","description":"com.example.lab40.User.userType","location":"app/com.example.lab40/-user/user-type.html","searchKeys":["userType","abstract fun userType(): String","com.example.lab40.User.userType"]},{"name":"abstract fun viewReviews(): List<String>","description":"com.example.lab40.Reviews.viewReviews","location":"app/com.example.lab40/-reviews/view-reviews.html","searchKeys":["viewReviews","abstract fun viewReviews(): List<String>","com.example.lab40.Reviews.viewReviews"]},{"name":"class Buyer(val id: Int, login: String, email: String, registerDate: String, password: String, purchaseCount: Int = 0, hashed: Boolean = false, var balance: Double = 0.0) : User, Loginable, Registerable","description":"com.example.lab40.Buyer","location":"app/com.example.lab40/-buyer/index.html","searchKeys":["Buyer","class Buyer(val id: Int, login: String, email: String, registerDate: String, password: String, purchaseCount: Int = 0, hashed: Boolean = false, var balance: Double = 0.0) : User, Loginable, Registerable","com.example.lab40.Buyer"]},{"name":"class BuyerReview : Reviews","description":"com.example.lab40.BuyerReview","location":"app/com.example.lab40/-buyer-review/index.html","searchKeys":["BuyerReview","class BuyerReview : Reviews","com.example.lab40.BuyerReview"]},{"name":"class Marketplace","description":"com.example.lab40.Marketplace","location":"app/com.example.lab40/-marketplace/index.html","searchKeys":["Marketplace","class Marketplace","com.example.lab40.Marketplace"]},{"name":"class Product(var nazwa: String, var cena: Double, var opis: String, val seller: Seller)","description":"com.example.lab40.Product","location":"app/com.example.lab40/-product/index.html","searchKeys":["Product","class Product(var nazwa: String, var cena: Double, var opis: String, val seller: Seller)","com.example.lab40.Product"]},{"name":"class Seller(val id: Int, login: String, email: String, registerDate: String, password: String, soldItems: Int = 0, hashed: Boolean = false, var balance: Double = 0.0) : User, Loginable, Registerable","description":"com.example.lab40.Seller","location":"app/com.example.lab40/-seller/index.html","searchKeys":["Seller","class Seller(val id: Int, login: String, email: String, registerDate: String, password: String, soldItems: Int = 0, hashed: Boolean = false, var balance: Double = 0.0) : User, Loginable, Registerable","com.example.lab40.Seller"]},{"name":"constructor()","description":"com.example.lab40.BuyerReview.BuyerReview","location":"app/com.example.lab40/-buyer-review/-buyer-review.html","searchKeys":["BuyerReview","constructor()","com.example.lab40.BuyerReview.BuyerReview"]},{"name":"constructor()","description":"com.example.lab40.Marketplace.Marketplace","location":"app/com.example.lab40/-marketplace/-marketplace.html","searchKeys":["Marketplace","constructor()","com.example.lab40.Marketplace.Marketplace"]},{"name":"constructor(id: Int, login: String, email: String, registerDate: String, hashedPassword: String)","description":"com.example.lab40.User.User","location":"app/com.example.lab40/-user/-user.html","searchKeys":["User","constructor(id: Int, login: String, email: String, registerDate: String, hashedPassword: String)","com.example.lab40.User.User"]},{"name":"constructor(id: Int, login: String, email: String, registerDate: String, password: String, purchaseCount: Int = 0, hashed: Boolean = false, balance: Double = 0.0)","description":"com.example.lab40.Buyer.Buyer","location":"app/com.example.lab40/-buyer/-buyer.html","searchKeys":["Buyer","constructor(id: Int, login: String, email: String, registerDate: String, password: String, purchaseCount: Int = 0, hashed: Boolean = false, balance: Double = 0.0)","com.example.lab40.Buyer.Buyer"]},{"name":"constructor(id: Int, login: String, email: String, registerDate: String, password: String, soldItems: Int = 0, hashed: Boolean = false, balance: Double = 0.0)","description":"com.example.lab40.Seller.Seller","location":"app/com.example.lab40/-seller/-seller.html","searchKeys":["Seller","constructor(id: Int, login: String, email: String, registerDate: String, password: String, soldItems: Int = 0, hashed: Boolean = false, balance: Double = 0.0)","com.example.lab40.Seller.Seller"]},{"name":"constructor(nazwa: String, cena: Double, opis: String, seller: Seller)","description":"com.example.lab40.Product.Product","location":"app/com.example.lab40/-product/-product.html","searchKeys":["Product","constructor(nazwa: String, cena: Double, opis: String, seller: Seller)","com.example.lab40.Product.Product"]},{"name":"fun addProduct(product: Product)","description":"com.example.lab40.Marketplace.addProduct","location":"app/com.example.lab40/-marketplace/add-product.html","searchKeys":["addProduct","fun addProduct(product: Product)","com.example.lab40.Marketplace.addProduct"]},{"name":"fun checkPassword(inputPassword: String): Boolean","description":"com.example.lab40.User.checkPassword","location":"app/com.example.lab40/-user/check-password.html","searchKeys":["checkPassword","fun checkPassword(inputPassword: String): Boolean","com.example.lab40.User.checkPassword"]},{"name":"fun getUserInfo(): String","description":"com.example.lab40.User.getUserInfo","location":"app/com.example.lab40/-user/get-user-info.html","searchKeys":["getUserInfo","fun getUserInfo(): String","com.example.lab40.User.getUserInfo"]},{"name":"fun hashPassword(password: String): String","description":"com.example.lab40.hashPassword","location":"app/com.example.lab40/hash-password.html","searchKeys":["hashPassword","fun hashPassword(password: String): String","com.example.lab40.hashPassword"]},{"name":"fun loadProductsFromFile(users: List<User>): MutableList<Product>","description":"com.example.lab40.loadProductsFromFile","location":"app/com.example.lab40/load-products-from-file.html","searchKeys":["loadProductsFromFile","fun loadProductsFromFile(users: List<User>): MutableList<Product>","com.example.lab40.loadProductsFromFile"]},{"name":"fun loadUsersFromFile(): MutableList<User>","description":"com.example.lab40.loadUsersFromFile","location":"app/com.example.lab40/load-users-from-file.html","searchKeys":["loadUsersFromFile","fun loadUsersFromFile(): MutableList<User>","com.example.lab40.loadUsersFromFile"]},{"name":"fun main()","description":"com.example.lab40.main","location":"app/com.example.lab40/main.html","searchKeys":["main","fun main()","com.example.lab40.main"]},{"name":"fun makePurchase(buyer: Buyer, product: Product)","description":"com.example.lab40.Marketplace.makePurchase","location":"app/com.example.lab40/-marketplace/make-purchase.html","searchKeys":["makePurchase","fun makePurchase(buyer: Buyer, product: Product)","com.example.lab40.Marketplace.makePurchase"]},{"name":"fun processPayment(seller: Seller, amount: Double)","description":"com.example.lab40.processPayment","location":"app/com.example.lab40/process-payment.html","searchKeys":["processPayment","fun processPayment(seller: Seller, amount: Double)","com.example.lab40.processPayment"]},{"name":"fun registerUser(user: User)","description":"com.example.lab40.Marketplace.registerUser","location":"app/com.example.lab40/-marketplace/register-user.html","searchKeys":["registerUser","fun registerUser(user: User)","com.example.lab40.Marketplace.registerUser"]},{"name":"fun saveProductsToFile(products: List<Product>)","description":"com.example.lab40.saveProductsToFile","location":"app/com.example.lab40/save-products-to-file.html","searchKeys":["saveProductsToFile","fun saveProductsToFile(products: List<Product>)","com.example.lab40.saveProductsToFile"]},{"name":"fun saveUsersToFile(users: List<User>)","description":"com.example.lab40.saveUsersToFile","location":"app/com.example.lab40/save-users-to-file.html","searchKeys":["saveUsersToFile","fun saveUsersToFile(users: List<User>)","com.example.lab40.saveUsersToFile"]},{"name":"fun showProducts()","description":"com.example.lab40.Marketplace.showProducts","location":"app/com.example.lab40/-marketplace/show-products.html","searchKeys":["showProducts","fun showProducts()","com.example.lab40.Marketplace.showProducts"]},{"name":"fun viewReviews(buyerReview: BuyerReview)","description":"com.example.lab40.viewReviews","location":"app/com.example.lab40/view-reviews.html","searchKeys":["viewReviews","fun viewReviews(buyerReview: BuyerReview)","com.example.lab40.viewReviews"]},{"name":"interface Loginable","description":"com.example.lab40.Loginable","location":"app/com.example.lab40/-loginable/index.html","searchKeys":["Loginable","interface Loginable","com.example.lab40.Loginable"]},{"name":"interface Registerable","description":"com.example.lab40.Registerable","location":"app/com.example.lab40/-registerable/index.html","searchKeys":["Registerable","interface Registerable","com.example.lab40.Registerable"]},{"name":"interface Reviews","description":"com.example.lab40.Reviews","location":"app/com.example.lab40/-reviews/index.html","searchKeys":["Reviews","interface Reviews","com.example.lab40.Reviews"]},{"name":"open override fun addRev(review: String, star: Int)","description":"com.example.lab40.BuyerReview.addRev","location":"app/com.example.lab40/-buyer-review/add-rev.html","searchKeys":["addRev","open override fun addRev(review: String, star: Int)","com.example.lab40.BuyerReview.addRev"]},{"name":"open override fun getRawData(): String","description":"com.example.lab40.Buyer.getRawData","location":"app/com.example.lab40/-buyer/get-raw-data.html","searchKeys":["getRawData","open override fun getRawData(): String","com.example.lab40.Buyer.getRawData"]},{"name":"open override fun getRawData(): String","description":"com.example.lab40.Seller.getRawData","location":"app/com.example.lab40/-seller/get-raw-data.html","searchKeys":["getRawData","open override fun getRawData(): String","com.example.lab40.Seller.getRawData"]},{"name":"open override fun loginUser(password: String): String","description":"com.example.lab40.Buyer.loginUser","location":"app/com.example.lab40/-buyer/login-user.html","searchKeys":["loginUser","open override fun loginUser(password: String): String","com.example.lab40.Buyer.loginUser"]},{"name":"open override fun loginUser(password: String): String","description":"com.example.lab40.Seller.loginUser","location":"app/com.example.lab40/-seller/login-user.html","searchKeys":["loginUser","open override fun loginUser(password: String): String","com.example.lab40.Seller.loginUser"]},{"name":"open override fun registerUser(): String","description":"com.example.lab40.Buyer.registerUser","location":"app/com.example.lab40/-buyer/register-user.html","searchKeys":["registerUser","open override fun registerUser(): String","com.example.lab40.Buyer.registerUser"]},{"name":"open override fun registerUser(): String","description":"com.example.lab40.Seller.registerUser","location":"app/com.example.lab40/-seller/register-user.html","searchKeys":["registerUser","open override fun registerUser(): String","com.example.lab40.Seller.registerUser"]},{"name":"open override fun toString(): String","description":"com.example.lab40.Product.toString","location":"app/com.example.lab40/-product/to-string.html","searchKeys":["toString","open override fun toString(): String","com.example.lab40.Product.toString"]},{"name":"open override fun userType(): String","description":"com.example.lab40.Buyer.userType","location":"app/com.example.lab40/-buyer/user-type.html","searchKeys":["userType","open override fun userType(): String","com.example.lab40.Buyer.userType"]},{"name":"open override fun userType(): String","description":"com.example.lab40.Seller.userType","location":"app/com.example.lab40/-seller/user-type.html","searchKeys":["userType","open override fun userType(): String","com.example.lab40.Seller.userType"]},{"name":"open override fun viewReviews(): List<String>","description":"com.example.lab40.BuyerReview.viewReviews","location":"app/com.example.lab40/-buyer-review/view-reviews.html","searchKeys":["viewReviews","open override fun viewReviews(): List<String>","com.example.lab40.BuyerReview.viewReviews"]},{"name":"val PRODUCTS_FILE: String","description":"com.example.lab40.PRODUCTS_FILE","location":"app/com.example.lab40/-p-r-o-d-u-c-t-s_-f-i-l-e.html","searchKeys":["PRODUCTS_FILE","val PRODUCTS_FILE: String","com.example.lab40.PRODUCTS_FILE"]},{"name":"val USERS_FILE: String","description":"com.example.lab40.USERS_FILE","location":"app/com.example.lab40/-u-s-e-r-s_-f-i-l-e.html","searchKeys":["USERS_FILE","val USERS_FILE: String","com.example.lab40.USERS_FILE"]},{"name":"val buyerReview: BuyerReview","description":"com.example.lab40.Buyer.buyerReview","location":"app/com.example.lab40/-buyer/buyer-review.html","searchKeys":["buyerReview","val buyerReview: BuyerReview","com.example.lab40.Buyer.buyerReview"]},{"name":"val id: Int","description":"com.example.lab40.User.id","location":"app/com.example.lab40/-user/id.html","searchKeys":["id","val id: Int","com.example.lab40.User.id"]},{"name":"val products: MutableList<Product>","description":"com.example.lab40.Marketplace.products","location":"app/com.example.lab40/-marketplace/products.html","searchKeys":["products","val products: MutableList<Product>","com.example.lab40.Marketplace.products"]},{"name":"val seller: Seller","description":"com.example.lab40.Product.seller","location":"app/com.example.lab40/-product/seller.html","searchKeys":["seller","val seller: Seller","com.example.lab40.Product.seller"]},{"name":"var balance: Double","description":"com.example.lab40.Buyer.balance","location":"app/com.example.lab40/-buyer/balance.html","searchKeys":["balance","var balance: Double","com.example.lab40.Buyer.balance"]},{"name":"var balance: Double","description":"com.example.lab40.Seller.balance","location":"app/com.example.lab40/-seller/balance.html","searchKeys":["balance","var balance: Double","com.example.lab40.Seller.balance"]},{"name":"var cena: Double","description":"com.example.lab40.Product.cena","location":"app/com.example.lab40/-product/cena.html","searchKeys":["cena","var cena: Double","com.example.lab40.Product.cena"]},{"name":"var nazwa: String","description":"com.example.lab40.Product.nazwa","location":"app/com.example.lab40/-product/nazwa.html","searchKeys":["nazwa","var nazwa: String","com.example.lab40.Product.nazwa"]},{"name":"var opis: String","description":"com.example.lab40.Product.opis","location":"app/com.example.lab40/-product/opis.html","searchKeys":["opis","var opis: String","com.example.lab40.Product.opis"]}]